,Temperature,Latitude,Longitude,Humidity,Wind Speed,Cloud,Country,Date,City
0,52.65,-42.7826,147.0587,70,5.01,94,AU,1627433520,new norfolk
1,51.8,-46.6,168.3333,70,11.18,44,NZ,1627433142,bluff
2,61.54,62.456,-114.3525,48,1.99,40,CA,1627433623,yellowknife
3,83.26,35.7333,140.8333,80,20.27,100,JP,1627433212,hasaki
4,82.13,-2.5333,112.95,74,4.59,77,ID,1627433625,sampit
5,71.69,-0.7393,-90.3518,82,9.26,23,EC,1627433311,puerto ayora
6,73.96,39.8885,4.2658,83,4.61,0,ES,1627433690,mahon
7,65.84,42.6001,-73.9662,91,1.52,100,US,1627433437,albany
8,46.56,-37.6167,-73.65,80,22.1,0,CL,1627433116,lebu
9,80.6,22.0752,-159.319,75,1.99,90,US,1627433513,kapaa
10,50.88,-33.9258,18.4232,90,2.3,20,ZA,1627433472,cape town
11,64.58,50.6996,-127.4199,72,11.5,20,CA,1627433409,port hardy
12,71.94,37.7167,20.8333,66,6.87,0,GR,1627433690,lithakia
13,75.38,6.189,-67.4859,92,3.27,100,CO,1627433431,puerto carreno
14,51.04,-33.65,115.3333,75,16.49,58,AU,1627433565,busselton
15,46.62,60.9167,-46.05,73,2.86,99,GL,1627433331,narsaq
16,39.25,68.75,161.3,73,19.48,100,RU,1627433690,cherskiy
17,73.87,-17.5333,146.0333,64,4.23,84,AU,1627433691,innisfail
18,74.12,-23.1203,-134.9692,78,14.72,100,PF,1627433526,rikitea
19,61.16,41.7178,-8.8571,89,12.59,4,PT,1627433691,areosa
20,37.06,-54.8,-68.3,93,1.14,90,AR,1627433677,ushuaia
21,48.13,-24.7911,-50.0119,92,6.53,100,BR,1627433670,castro
22,37.56,65.6145,-37.6368,80,7.87,23,GL,1627433121,tasiilaq
23,74.3,-5.1989,-35.4608,88,10.58,11,BR,1627433591,touros
24,84.69,-2.5744,150.7967,72,8.86,11,PG,1627432930,kavieng
25,60.58,51.2467,58.2391,51,4.68,5,RU,1627433692,akkermanovka
26,52.81,-34.4187,19.2345,69,14.47,97,ZA,1627433545,hermanus
27,77.97,11.8485,-86.4384,78,11.7,100,NI,1627433693,san rafael del sur
28,60.71,-32.5,137.7667,53,17.56,0,AU,1627433693,port augusta
29,66.58,-20.5167,57.5167,100,14.97,75,MU,1627433433,souillac
30,66.38,-7.3,27.4167,42,2.62,8,CD,1627433693,manono
31,51.48,-46.1927,168.8643,74,0.63,69,NZ,1627433112,mataura
32,75.43,53.75,127.2667,69,4.36,69,RU,1627433694,zeya
33,74.39,-3.7508,103.6372,63,1.54,55,ID,1627433211,payo
34,67.46,-19.9842,57.6142,90,8.01,100,MU,1627433694,cap malheureux
35,82.09,4.9333,-52.3333,82,1.99,7,GF,1627433428,cayenne
36,94.01,31.4638,-100.437,40,4.0,100,US,1627433531,san angelo
37,63.93,50.2503,58.4347,45,1.72,100,KZ,1627433694,khromtau
38,70.86,9.5167,-79.0333,79,5.61,100,PA,1627433695,tubuala
39,80.55,-0.6,73.0833,78,8.7,100,MV,1627433160,hithadhoo
40,54.79,-26.6481,15.1594,74,8.84,0,NA,1627433301,luderitz
41,94.73,50.6501,-104.8678,17,4.65,88,CA,1627433695,lumsden
42,68.59,62.6667,135.6,42,12.48,93,RU,1627433696,khandyga
43,69.96,-21.2,-175.2,88,6.91,75,TO,1627433696,vaini
44,77.05,-21.2078,-159.775,65,5.75,49,CK,1627433179,avarua
45,83.26,-0.8667,134.0833,71,3.4,100,ID,1627433696,manokwari
46,68.79,-33.0153,27.9116,47,13.6,1,ZA,1627433697,east london
47,56.53,19.6167,-98.1167,83,7.29,89,MX,1627433697,tlaxco
48,76.95,17.0151,54.0924,92,12.46,100,OM,1627433697,salalah
49,42.91,-53.15,-70.9167,87,17.27,75,CL,1627433683,punta arenas
50,59.18,43.2686,-7.5406,97,3.65,87,ES,1627433698,bereda
51,86.77,25.0213,37.2685,67,9.46,23,SA,1627433698,umm lajj
52,77.07,-3.8004,102.2655,70,4.16,42,ID,1627433440,bengkulu
53,58.71,48.5501,-71.3324,58,5.75,6,CA,1627433698,saint-ambroise
54,83.71,-2.0226,147.2712,75,6.17,4,PG,1627433274,lorengau
55,64.92,-10.2639,-40.1958,93,5.64,34,BR,1627433473,jaguarari
56,45.99,-38.0023,-57.5575,66,17.0,75,AR,1627433265,mar del plata
57,66.49,-20.4081,57.7,100,14.97,75,MU,1627433216,mahebourg
58,37.74,73.5069,80.5464,99,12.64,100,RU,1627433510,dikson
59,42.37,-33.6971,-53.4616,71,16.08,7,UY,1627433157,chuy
60,72.12,38.5167,-28.7,84,10.02,37,PT,1627433158,ribeira grande
61,78.71,-10.6167,150.6667,87,16.31,93,PG,1627433338,samarai
62,62.98,71.9167,114.0833,47,19.98,26,RU,1627433263,saskylakh
63,71.33,-2.65,10.0,91,2.86,97,GA,1627433700,gamba
64,80.91,33.7333,135.9833,55,2.57,99,JP,1627433700,shingu
65,81.21,-7.7136,-66.9764,54,2.26,82,BR,1627433701,pauini
66,77.61,45.3167,55.2,22,9.26,100,KZ,1627433701,beyneu
67,62.85,18.2164,42.5053,94,4.61,0,SA,1627433327,abha
68,78.26,-9.8,-139.0333,65,16.58,0,PF,1627433692,atuona
69,66.15,60.7522,-137.5108,55,5.75,43,CA,1627433683,haines junction
70,62.35,64.8378,-147.7164,73,8.05,90,US,1627433443,fairbanks
71,62.13,-25.1667,45.05,72,12.71,0,MG,1627433702,beloha
72,74.23,14.8961,-24.4956,80,7.34,14,CV,1627433175,sao filipe
73,57.78,66.7697,123.3711,58,12.73,100,RU,1627433540,zhigansk
74,71.64,65.282,-126.8329,43,8.05,75,CA,1627433661,norman wells
75,53.33,-29.9533,-71.3436,87,2.3,0,CL,1627433596,coquimbo
76,67.39,-21.3585,55.7679,89,13.56,99,RE,1627433106,saint-philippe
77,76.42,2.0371,45.3438,81,20.56,79,SO,1627433510,mogadishu
78,68.41,37.7167,-25.4333,87,7.87,9,PT,1627433444,vila franca do campo
79,71.11,32.6667,-17.1,72,5.28,5,PT,1627433219,ponta do sol
80,85.03,10.9995,122.6711,73,16.11,75,PH,1627433438,dingle
81,87.66,21.3906,-158.1547,48,11.5,40,US,1627433104,nanakuli
82,81.48,34.8791,-76.9013,90,1.01,63,US,1627433478,havelock
83,50.22,63.8424,-22.4338,93,13.8,0,IS,1627433628,grindavik
84,64.42,59.7035,30.7861,67,4.65,100,RU,1627433197,nikolskoye
85,63.91,57.79,-152.4072,55,5.75,40,US,1627433227,kodiak
86,72.09,42.097,-79.2353,78,5.75,1,US,1627433007,jamestown
87,59.36,47.9714,80.4392,54,10.07,0,KZ,1627433705,ayagoz
88,73.0,54.7682,-101.865,52,5.64,0,CA,1627433069,flin flon
89,51.89,-34.0033,24.7314,82,15.26,55,ZA,1627433141,kruisfontein
90,48.04,-33.8667,121.9,69,15.68,2,AU,1627432968,esperance
91,70.43,7.9611,-6.6731,93,6.15,100,CI,1627433706,seguela
92,50.47,61.3833,152.75,58,12.3,100,RU,1627433706,talaya
93,42.82,71.2906,-156.7887,84,19.57,90,US,1627433525,barrow
94,71.28,28.9611,-13.645,68,16.11,75,ES,1627433707,tias
95,64.18,64.2457,12.3778,63,5.39,51,NO,1627433609,snasa
96,60.53,9.35,42.8,79,19.33,100,ET,1627433707,jijiga
97,61.54,-33.5906,26.891,86,14.5,24,ZA,1627433651,port alfred
98,71.83,5.4327,-2.1428,92,3.74,100,GH,1627433707,prestea
99,54.72,-34.5322,20.0403,71,8.05,100,ZA,1627433606,bredasdorp
100,73.22,3.8653,-67.9239,97,3.42,100,CO,1627433708,inirida
101,76.44,29.6036,52.5388,23,0.0,20,IR,1627433708,shiraz
102,78.89,57.8406,108.3492,45,0.67,0,RU,1627433708,alekseyevsk
103,62.08,64.8569,-147.8028,74,9.22,90,US,1627433296,college
104,56.48,-23.65,-70.4,80,4.68,43,CL,1627433421,antofagasta
105,69.78,20.931,-17.0347,83,20.71,38,MR,1627433127,nouadhibou
106,54.93,-42.8794,147.3294,67,5.99,75,AU,1627433595,hobart
107,67.08,43.2128,-75.4557,99,3.69,78,US,1627433709,roma
108,70.57,-21.55,167.8833,59,14.92,100,NC,1627433710,tadine
109,80.46,11.2833,-15.8333,81,10.74,100,GW,1627433448,bubaque
110,67.37,-20.0064,57.6608,90,5.99,100,MU,1627433377,grand gaube
111,81.72,5.4112,100.3354,85,1.01,20,MY,1627433277,georgetown
112,92.25,33.6416,42.8251,20,15.88,0,IQ,1627433710,hit
113,50.94,-45.4167,167.7167,75,3.13,100,NZ,1627433395,te anau
114,77.68,-18.65,-173.9833,83,3.44,75,TO,1627433361,neiafu
115,80.69,13.0667,-59.5333,78,16.11,40,BB,1627433711,oistins
116,67.59,58.8053,-122.7002,56,0.0,40,CA,1627433711,fort nelson
117,87.46,28.017,-97.5169,60,10.78,53,US,1627433407,san patricio
118,78.01,5.3833,-52.95,85,8.12,3,GF,1627433569,sinnamary
119,79.86,37.7021,-121.9358,41,11.5,1,US,1627433452,dublin
120,66.45,-20.3428,57.7575,100,14.97,75,MU,1627433441,bambous virieux
121,51.55,72.7868,-56.1549,69,11.9,100,GL,1627433605,upernavik
122,47.79,-34.6534,-58.6198,61,8.01,82,AR,1627433712,moron
123,61.09,53.5536,-3.0682,90,13.73,100,GB,1627433712,formby
124,79.77,14.3122,121.1114,91,16.24,100,PH,1627433615,santa rosa
125,57.49,-33.918,25.5701,88,16.11,0,ZA,1627433532,port elizabeth
126,94.24,37.7397,-121.4252,30,4.0,0,US,1627433667,tracy
127,69.55,14.2,24.6667,75,2.71,100,SD,1627433675,kutum
128,84.34,-3.6954,128.1814,89,3.44,40,ID,1627433291,ambon
129,45.52,60.7167,-46.0333,76,0.76,100,GL,1627433406,qaqortoq
130,78.98,62.1444,117.6319,45,4.47,7,RU,1627433713,suntar
131,52.72,62.2266,-6.589,97,5.99,100,FO,1627433399,klaksvik
132,65.5,38.7992,-9.4469,76,19.77,0,PT,1627433713,colares
133,77.83,15.85,-97.0667,69,6.91,75,MX,1627433616,puerto escondido
134,73.33,-18.9689,-49.465,33,1.68,55,BR,1627433714,ituiutaba
135,60.22,-35.1667,173.1667,77,8.01,49,NZ,1627433534,ahipara
136,75.34,46.5389,138.3297,73,4.97,26,RU,1627433714,svetlaya
137,83.25,17.9358,-76.4573,86,4.05,100,JM,1627433715,seaforth
138,71.6,-8.8368,13.2343,88,4.61,75,AO,1627433663,luanda
139,80.17,9.4942,50.8122,51,28.81,37,SO,1627433664,bandarbeyla
140,80.56,31.1661,112.5831,83,17.11,36,CN,1627433715,anlu
141,61.61,-28.783,32.0377,69,15.41,1,ZA,1627432935,richards bay
142,52.83,-46.1333,167.6833,66,1.72,13,NZ,1627433645,tuatapere
143,81.75,10.5669,72.642,78,19.35,100,IN,1627433479,kavaratti
144,47.28,70.0744,29.7487,88,6.53,100,NO,1627433716,vadso
145,79.36,19.7297,-155.09,80,8.05,90,US,1627433716,hilo
146,52.09,68.0531,39.5131,79,4.65,100,RU,1627433418,ostrovnoy
147,74.37,47.6469,53.3463,26,8.7,100,KZ,1627433716,makat
148,65.86,51.7492,107.2837,72,0.0,7,RU,1627433672,ivolginsk
149,77.79,15.1333,-23.2167,79,11.92,97,CV,1627433717,vila do maio
150,67.12,28.6585,-17.9182,83,14.97,90,ES,1627433717,los llanos de aridane
151,62.4,58.3019,-134.4197,74,1.01,75,US,1627433523,juneau
152,62.38,46.7001,-75.4493,77,3.09,0,CA,1627433426,ferme-neuve
153,49.87,66.1451,-65.7125,72,2.77,100,CA,1627433446,pangnirtung
154,42.64,78.2186,15.6401,93,11.5,75,SJ,1627433285,longyearbyen
155,40.96,71.6872,128.8694,82,14.09,27,RU,1627433168,tiksi
156,70.83,-21.6403,-41.0511,85,15.93,0,BR,1627433516,sao joao da barra
157,77.25,55.1001,-105.2842,41,3.44,40,CA,1627433718,la ronge
158,65.28,-19.7625,-44.3139,39,3.31,5,BR,1627433718,esmeraldas
159,70.05,38.7333,-27.0667,94,6.67,75,PT,1627433719,praia da vitoria
160,54.52,67.8557,20.2251,76,0.0,75,SE,1627433719,kiruna
161,81.27,-6.7221,146.9847,59,2.48,42,PG,1627433719,lae
162,59.59,-35.3378,143.5544,58,20.24,8,AU,1627433719,swan hill
163,76.06,41.1415,-73.3579,77,1.01,75,US,1627433472,westport
164,45.03,-38.5473,-58.7368,65,22.82,100,AR,1627433671,necochea
165,53.6,-27.6146,-48.5012,67,9.22,75,BR,1627433637,florianopolis
166,60.21,52.7333,7.7667,89,9.89,98,DE,1627433720,loningen
167,79.57,58.0006,102.6619,41,0.72,0,RU,1627433720,ust-ilimsk
168,73.99,28.2333,83.9833,86,2.04,100,NP,1627433545,pokhara
169,50.23,70.4692,-68.5914,71,8.05,90,CA,1627433419,clyde river
170,85.89,15.2,101.1333,82,8.75,100,TH,1627433721,chai badan
171,73.58,7.7669,-72.225,95,1.5,25,VE,1627433155,san cristobal
172,43.68,70.9963,24.6622,90,5.84,95,NO,1627433721,havoysund
173,80.82,15.7432,-96.4661,86,0.56,97,MX,1627433721,pochutla
174,83.05,17.4924,44.1277,53,7.92,19,SA,1627433667,najran
175,77.05,-0.9492,100.3543,85,1.61,89,ID,1627433420,padang
176,42.12,77.484,-69.3632,96,6.24,99,GL,1627433165,qaanaaq
177,72.46,-20.2333,164.0167,59,14.83,11,NC,1627433449,poum
178,53.26,-22.9,44.5333,71,1.23,0,MG,1627433722,sakaraha
179,55.26,-34.7333,135.8667,61,26.53,8,AU,1627433663,port lincoln
180,64.31,15.1718,44.3244,68,2.44,55,YE,1627433722,sayyan
181,66.38,47.6666,-52.7314,96,19.57,90,CA,1627433429,torbay
182,66.69,-3.4833,23.4333,41,2.37,37,CD,1627433723,lodja
183,80.55,39.5009,-89.7679,82,3.49,0,US,1627433723,virden
184,84.4,37.2353,39.7631,30,10.25,0,TR,1627433439,viransehir
185,81.72,3.0707,172.7902,72,4.03,100,KI,1627433723,butaritari
186,69.69,29.5833,-9.5,71,2.06,0,MA,1627433624,tiznit
187,41.5,68.5333,146.4167,78,12.06,100,RU,1627433673,belaya gora
188,73.35,48.4001,-89.3168,64,6.91,20,CA,1627433724,thunder bay
189,82.78,16.5833,82.0167,68,9.33,99,IN,1627433724,amalapuram
190,71.65,23.45,79.7833,95,11.1,100,IN,1627433724,katangi
191,69.73,32.2994,-9.2372,93,13.15,65,MA,1627433619,asfi
192,78.57,-20.7333,139.5,41,11.5,0,AU,1627433725,mount isa
193,82.74,17.9583,-102.2,80,3.06,100,MX,1627433725,lazaro cardenas
194,86.52,39.2446,55.5154,20,8.03,2,TM,1627433390,gazanjyk
195,59.67,56.1138,10.1725,92,4.97,93,DK,1627433304,holme
196,74.17,-0.2202,100.6308,88,1.99,25,ID,1627433725,payakumbuh
197,89.94,13.9297,41.6925,63,2.21,36,ER,1627433726,edd
198,71.47,37.4966,61.9714,37,9.22,0,TM,1627433726,murgab
199,86.9,18.6853,12.9164,49,8.01,94,NE,1627433726,bilma
200,81.86,-9.1061,124.8925,49,2.95,86,ID,1627433357,atambua
201,35.55,-45.5752,-72.0662,93,2.3,0,CL,1627433623,coihaique
202,72.72,41.3712,-73.414,80,0.0,90,US,1627433493,bethel
203,82.47,35.5,134.2333,74,8.05,40,JP,1627433652,tottori
204,77.43,6.7533,-11.3686,80,12.97,100,LR,1627433411,robertsport
205,88.79,22.2855,114.1577,86,1.01,98,HK,1627432938,victoria
206,57.61,-28.7667,114.6,88,10.36,75,AU,1627433727,geraldton
207,76.73,40.2504,-76.2499,67,4.45,4,US,1627433674,lancaster
208,53.6,69.4541,-133.0374,71,6.91,75,CA,1627433240,tuktoyaktuk
209,63.66,36.6177,-121.9166,82,4.0,20,US,1627433185,pacific grove
210,78.91,13.35,-15.75,77,7.96,81,GM,1627433728,nioro
211,82.09,16.8634,-99.8901,79,4.38,75,MX,1627433462,acapulco
212,70.11,-0.2167,20.8667,45,2.17,17,CD,1627433728,boende
213,49.12,62.1564,-7.1664,100,8.05,90,FO,1627433644,vestmanna
214,77.68,-16.4833,-151.75,75,9.19,30,PF,1627433729,faanui
215,81.97,13.6017,26.6876,59,10.2,100,SD,1627433669,umm kaddadah
216,63.82,43.4647,-3.8044,92,5.99,90,ES,1627433729,santander
217,83.03,20.8947,-156.47,71,19.57,40,US,1627433500,kahului
218,84.49,14.3,-91.9167,75,4.07,17,GT,1627433729,champerico
219,63.12,18.3851,42.4509,81,5.01,88,SA,1627433682,faya
220,82.02,30.3833,113.4,80,12.88,16,CN,1627433730,xiantao
221,67.51,-21.3393,55.4781,77,10.36,90,RE,1627433668,saint-pierre
222,46.98,-33.3667,116.15,90,6.69,95,AU,1627433730,collie
223,33.93,69.3833,178.4167,97,9.66,100,RU,1627433431,leningradskiy
224,42.28,-38.3739,-60.2798,75,17.27,95,AR,1627433731,tres arroyos
225,76.33,5.8808,-10.0467,80,8.55,100,LR,1627433583,buchanan
226,61.43,58.2452,32.5165,82,5.55,100,RU,1627433731,kresttsy
227,68.68,62.2167,135.8,47,11.14,54,RU,1627433731,dzhebariki-khaya
228,70.9,47.4408,29.5599,56,6.44,63,UA,1627433732,mayaky
229,77.94,-2.9248,-39.9167,82,14.88,13,BR,1627433445,itarema
230,77.07,50.1001,-91.917,44,0.0,40,CA,1627433446,sioux lookout
231,87.33,26.4815,-97.7831,59,9.91,90,US,1627433732,raymondville
232,63.21,46.844,74.9804,39,17.9,0,KZ,1627433732,balkhash
233,74.39,-4.9667,39.8333,80,14.54,2,TZ,1627433259,micheweni
234,56.77,-25.4,-70.4833,77,3.09,2,CL,1627433291,taltal
235,51.98,-41.4122,175.5153,64,2.21,0,NZ,1627433733,waipawa
236,69.39,5.7556,7.1063,95,3.51,83,NG,1627433733,nkwerre
237,45.81,60.2776,47.0659,88,3.98,12,RU,1627433734,podosinovets
238,95.95,37.1041,-113.5841,24,1.01,1,US,1627433183,saint george
239,81.95,-2.6833,111.6167,75,4.65,87,ID,1627433516,pangkalanbuun
240,41.95,68.7098,-52.8699,83,6.71,100,GL,1627433411,aasiaat
241,92.16,31.0982,-97.3428,49,6.49,0,US,1627433517,temple
242,100.29,22.6783,-3.9836,9,9.33,98,ML,1627433573,taoudenni
243,77.54,4.1363,96.1285,88,3.33,77,ID,1627433734,meulaboh
244,51.37,-32.7217,25.588,40,6.04,0,ZA,1627433652,somerset east
245,41.81,-43.3002,-65.1023,68,15.28,22,AR,1627433448,rawson
246,48.06,69.2167,-51.1,79,7.65,100,GL,1627433405,ilulissat
247,45.63,-35.3333,-72.4167,75,7.14,0,CL,1627433288,constitucion
248,78.87,-9.1667,-60.6333,46,1.99,96,BR,1627433735,aripuana
249,65.73,38.6979,-9.4215,75,5.01,0,PT,1627433714,cascais
250,81.07,7.4167,81.8167,71,3.76,100,LK,1627433736,kalmunai
251,59.23,-18.475,-70.3042,82,10.36,90,CL,1627433736,arica
252,42.33,-41.8697,-73.8203,84,3.24,68,CL,1627433636,ancud
253,55.76,63.9333,31.65,93,3.47,9,RU,1627433736,muyezerskiy
254,64.26,51.7122,105.8647,70,3.33,3,RU,1627433737,babushkin
255,76.78,-5.1131,105.3067,73,4.83,49,ID,1627433479,metro
256,70.41,7.3833,8.5667,86,4.47,93,NG,1627433737,yaan
257,63.61,69.4865,88.3972,85,3.2,87,RU,1627433343,talnakh
258,83.88,5.8402,118.1179,79,3.44,20,MY,1627433737,sandakan
259,79.14,-16.0999,167.4164,75,17.49,48,VU,1627433655,lakatoro
260,49.68,-38.2667,141.9667,84,22.1,100,AU,1627433738,codrington
261,73.08,30.4833,-115.95,75,12.71,1,MX,1627433296,san quintin
262,82.6,16.1667,81.1333,69,13.91,82,IN,1627433738,machilipatnam
263,75.29,-6.6447,-51.995,44,1.16,0,BR,1627433738,sao felix do xingu
264,73.44,31.3086,-110.9422,73,6.91,1,MX,1627433501,nogales
265,74.66,27.9769,-114.0611,67,17.36,0,MX,1627433424,guerrero negro
266,67.8,27.8964,102.2634,94,1.39,100,CN,1627433739,xichang
267,96.85,22.5667,59.5289,40,25.7,100,OM,1627433624,sur
268,81.03,43.3236,145.575,89,7.96,33,JP,1627433483,nemuro
269,44.13,65.5833,-171.0,99,10.42,100,RU,1627433425,lavrentiya
270,77.4,56.3444,114.8794,45,1.25,44,RU,1627433421,taksimo
271,48.11,-37.8333,140.7667,87,10.36,75,AU,1627433740,mount gambier
272,57.85,50.6789,156.125,93,6.58,100,RU,1627433740,severo-kurilsk
273,59.36,50.2334,-63.5986,94,3.44,75,CA,1627433740,havre-saint-pierre
274,43.12,-36.3132,-57.6792,84,12.24,75,AR,1627433741,dolores
275,72.64,37.4636,-122.4286,72,19.57,40,US,1627433716,half moon bay
276,90.25,42.8,93.45,15,10.87,19,CN,1627432938,hami
277,47.91,70.6333,147.9167,51,12.17,95,RU,1627433211,chokurdakh
278,80.1,20.15,92.9,90,16.62,100,MM,1627433741,akyab
279,64.47,-15.1961,12.1522,86,2.21,0,AO,1627433593,namibe
280,51.4,-10.8764,26.5969,54,4.79,100,CD,1627433742,kambove
281,40.5,64.8989,45.7622,93,4.21,77,RU,1627433742,leshukonskoye
282,66.81,50.6309,38.6903,56,0.74,29,RU,1627433742,alekseyevka
283,53.65,-33.0117,17.9442,70,7.63,100,ZA,1627433392,saldanha
284,63.77,46.1333,25.5333,77,2.33,4,RO,1627433743,varghis
285,70.56,34.6391,-120.4579,77,13.8,10,US,1627433426,lompoc
286,79.45,-6.4622,108.4519,70,6.51,44,ID,1627433743,karangampel
287,80.47,-13.8483,136.4192,69,4.61,56,AU,1627433468,alyangula
288,86.09,-3.3667,135.4833,65,0.74,84,ID,1627433555,nabire
289,81.32,40.4272,71.7189,41,4.61,2,UZ,1627433744,komsomolskiy
290,76.08,-1.6,103.6167,77,4.5,100,ID,1627433744,jambi
291,48.04,-30.1811,-50.2056,53,18.61,4,BR,1627433247,cidreira
292,43.09,68.0546,166.4372,78,3.31,100,RU,1627433424,bilibino
293,77.13,25.5198,90.2201,94,3.22,92,IN,1627433506,tura
294,49.91,66.0449,-17.3389,99,9.28,100,IS,1627432989,husavik
295,76.93,18.0858,-15.9785,85,15.52,100,MR,1627433745,nouakchott
296,62.01,66.5,25.7167,67,9.22,90,FI,1627433718,rovaniemi
297,56.98,49.7834,-74.8492,66,3.56,58,CA,1627433745,chapais
298,82.47,5.1033,73.0708,75,15.1,99,MV,1627433746,eydhafushi
299,78.87,39.1834,-84.5333,72,1.57,7,US,1627433604,hamilton
300,93.06,25.8667,-109.1167,59,7.0,7,MX,1627433746,bagojo
301,79.75,18.3258,72.965,85,17.0,100,IN,1627433746,murud
302,58.5,55.1956,80.2811,66,3.76,100,RU,1627433746,kargat
303,69.78,56.5419,21.0367,88,5.75,55,LV,1627433747,liepaja
304,70.32,35.1186,-120.5907,69,12.66,1,US,1627433747,arroyo grande
305,77.92,16.1525,36.2032,78,11.41,36,SD,1627433747,wagar
306,78.35,10.1483,-85.452,91,2.64,100,CR,1627433748,nicoya
307,75.56,43.6125,122.2653,79,2.62,100,CN,1627433748,tongliao
308,77.94,5.2056,103.2059,81,2.71,99,MY,1627433748,marang
309,73.49,46.4167,21.1833,45,6.67,100,HU,1627433749,kevermes
310,84.83,46.4856,135.8833,60,1.3,79,RU,1627433250,vostok
311,71.62,-8.9266,125.4092,37,4.76,91,TL,1627433672,airai
312,80.8,2.9167,73.5667,79,11.72,100,MV,1627433232,muli
313,74.07,-6.9811,-34.8339,85,9.42,48,BR,1627433667,cabedelo
314,77.22,-5.795,-35.2094,88,6.91,40,BR,1627433486,natal
315,66.0,47.5999,-53.2648,98,5.01,100,CA,1627433749,bay roberts
316,53.02,-28.55,16.4333,84,4.56,0,NA,1627433262,oranjemund
317,52.16,64.5667,143.2,72,9.55,100,RU,1627433653,ust-nera
318,72.45,-17.7125,-39.2481,83,8.81,0,BR,1627433413,caravelas
319,73.56,55.7435,-97.8558,49,9.22,75,CA,1627433750,thompson
320,58.59,55.4627,-4.6339,88,3.44,75,GB,1627433750,ayr
321,74.61,41.7333,23.15,50,1.3,0,BG,1627433751,kresna
322,59.23,36.6167,101.7667,59,3.04,29,CN,1627433333,xining
323,57.72,-38.3667,178.3,53,9.06,0,NZ,1627433751,tolaga bay
324,82.67,24.8,125.2833,94,8.05,75,JP,1627433671,hirara
325,59.32,57.8,158.6667,79,4.05,100,RU,1627433513,tigil
326,99.16,30.7,-111.8167,26,11.07,13,MX,1627433752,altar
327,75.76,4.8699,-2.2405,82,9.82,100,GH,1627433441,axim
328,68.63,27.9054,-15.4461,78,19.57,75,ES,1627433454,aguimes
329,36.79,-20.4597,-66.825,37,22.64,0,BO,1627432966,uyuni
330,71.98,39.8161,109.9776,46,4.92,100,CN,1627433698,dongsheng
331,83.97,27.9167,96.1667,71,0.94,76,IN,1627433617,tezu
332,64.87,55.3422,-131.6461,68,8.05,75,US,1627433450,ketchikan
333,64.29,-11.0964,-77.6139,85,11.18,46,PE,1627433651,hualmay
334,73.49,19.8833,75.3333,83,0.0,75,IN,1627433753,aurangabad
335,69.42,-34.6833,150.8667,39,8.99,32,AU,1627433753,kiama
336,87.66,23.6651,116.6379,64,2.62,7,CN,1627433753,chaozhou
337,53.92,-41.0667,145.9167,83,20.02,91,AU,1627433430,burnie
338,76.86,-14.7972,-57.2881,48,10.78,25,BR,1627433754,nova olimpia
339,46.6,70.9821,25.9704,87,4.43,99,NO,1627433564,honningsvag
340,83.17,21.3469,-158.0858,61,14.97,40,US,1627433754,makakilo city
341,63.77,47.8043,67.7144,40,10.36,2,KZ,1627433668,zhezkazgan
342,82.33,9.9658,98.6348,84,14.99,99,TH,1627433755,ranong
343,50.11,64.3833,-173.3,81,13.42,90,RU,1627433755,provideniya
344,82.44,20.7,-105.2,86,3.27,54,MX,1627433533,ixtapa
345,80.67,37.9407,22.9573,45,3.4,0,GR,1627433465,corinto
346,50.7,63.7506,-68.5145,57,18.01,40,CA,1627433187,iqaluit
347,57.74,40.5982,-124.1573,93,5.75,1,US,1627432986,fortuna
348,52.61,65.8167,87.9833,93,6.06,100,RU,1627433756,turukhansk
349,74.35,-1.8283,-44.8683,91,2.75,49,BR,1627433756,cururupu
350,91.27,26.9581,56.2719,75,2.84,76,IR,1627433756,qeshm
351,89.71,48.2325,-101.2963,18,5.06,100,US,1627433757,minot
352,82.47,20.8667,-90.4,78,9.4,49,MX,1627433626,celestun
353,82.36,21.4612,-71.1419,74,12.66,40,TC,1627432982,cockburn town
354,89.8,22.8909,-109.9124,60,8.99,6,MX,1627433757,cabo san lucas
355,76.8,4.9533,-77.366,86,0.94,100,CO,1627433757,pizarro
356,79.95,42.9019,133.9064,70,5.41,4,RU,1627433758,preobrazheniye
357,69.21,33.0833,-16.3333,68,13.8,75,PT,1627433758,camacha
358,87.15,42.9744,140.5089,49,1.1,6,JP,1627433675,iwanai
359,66.07,-35.7167,150.1833,42,13.27,69,AU,1627433758,batemans bay
360,68.34,13.4,78.0667,82,14.74,100,IN,1627433759,chintamani
361,72.86,-5.55,12.2,90,6.51,97,AO,1627433177,cabinda
362,46.44,70.3705,31.1107,86,15.32,97,NO,1627433430,vardo
363,80.62,-17.7333,-149.15,71,10.25,97,PF,1627433323,tautira
364,75.29,42.0551,59.3788,29,9.06,0,TM,1627433759,akdepe
365,51.22,67.8006,130.4114,53,15.37,31,RU,1627433203,batagay-alyta
366,61.0,47.8376,-0.3329,96,6.35,21,FR,1627433760,sable-sur-sarthe
367,79.5,63.0128,112.4714,48,4.7,11,RU,1627433760,chernyshevskiy
368,66.7,51.1,114.53,73,2.08,15,RU,1627433760,aginskoye
369,70.39,39.05,-27.9833,89,8.28,100,PT,1627433438,lagoa
370,62.02,53.858,120.875,96,2.15,100,RU,1627433761,amazar
371,58.62,-8.4192,20.7447,33,2.82,95,AO,1627433761,lucapa
372,73.98,19.8,75.5333,83,0.0,75,IN,1627433761,pipri
373,76.6,-0.3167,102.35,66,4.7,96,ID,1627433762,japura
374,78.8,21.2833,-88.9333,85,6.93,19,MX,1627433762,dzilam gonzalez
375,75.69,52.4201,136.4853,73,3.36,100,RU,1627433762,imeni poliny osipenko
376,52.52,67.4667,86.5833,86,5.95,100,RU,1627433763,igarka
377,66.16,45.1667,10.7833,88,5.59,2,IT,1627433763,mantua
378,81.52,28.3667,129.4833,86,12.35,52,JP,1627433674,naze
379,78.13,-9.0763,143.2092,89,14.32,97,PG,1627433763,daru
380,36.34,69.7008,170.3133,90,8.12,97,RU,1627433405,pevek
381,81.59,33.194,-82.5271,64,2.21,66,US,1627433170,avera
382,50.0,64.75,177.4833,93,20.0,75,RU,1627433764,anadyr
383,78.91,-19.55,169.2667,57,9.22,40,VU,1627433662,isangel
384,71.35,10.75,-11.1167,98,4.14,100,GN,1627433709,dabola
385,72.79,-1.5746,9.2618,84,4.74,14,GA,1627433764,omboue
386,60.87,-24.8667,113.6333,55,9.22,90,AU,1627433765,carnarvon
387,58.33,53.9939,84.7431,66,0.92,100,RU,1627433765,zalesovo
388,78.93,-6.8844,112.2051,73,7.7,9,ID,1627433385,labuhan
389,58.08,60.4667,166.1,60,15.28,99,RU,1627433321,tilichiki
390,61.75,47.5702,-59.1367,99,6.53,100,CA,1627433766,channel-port aux basques
391,91.08,42.7241,-114.5186,35,0.0,1,US,1627433498,jerome
392,75.52,-0.7193,8.7815,80,8.9,55,GA,1627433373,port-gentil
393,67.28,42.1263,-1.1372,71,7.31,97,ES,1627433766,ejea de los caballeros
394,55.15,-16.0316,35.5,96,4.54,100,MW,1627433766,mulanje
395,55.65,12.5058,39.5228,88,9.33,100,ET,1627433767,korem
396,77.54,14.9215,-23.5087,73,8.05,75,CV,1627433767,praya
397,68.32,54.7804,-127.1743,40,4.61,20,CA,1627433767,smithers
398,79.43,49.1167,131.1833,66,7.0,47,RU,1627433768,khingansk
399,66.0,52.5244,13.4105,78,4.61,0,DE,1627433526,berlin
400,70.95,-22.9661,-42.0278,81,24.07,0,BR,1627433768,arraial do cabo
401,82.9,28.3669,121.36,86,10.4,88,CN,1627433768,wenling
402,82.36,71.9667,102.5,45,17.98,9,RU,1627433182,khatanga
403,65.62,42.1584,-72.3287,85,1.01,90,US,1627433722,palmer
404,63.14,-7.8447,-79.1469,84,6.38,73,PE,1627433657,chicama
405,76.98,2.8197,-60.6733,88,2.3,75,BR,1627433434,boa vista
406,65.73,-10.0681,-78.1522,86,11.12,39,PE,1627433561,huarmey
407,66.78,49.1447,56.4872,38,8.7,100,KZ,1627433769,shubarkuduk
408,55.81,-35.5667,138.6167,68,4.0,9,AU,1627433613,victor harbor
409,77.85,30.1924,116.025,92,10.92,100,CN,1627433770,huangmei
410,85.68,45.5234,-122.6762,42,1.01,20,US,1627433150,portland
411,86.5,14.0453,124.1694,69,16.73,100,PH,1627433770,pandan
412,61.99,52.5369,62.4936,55,7.29,79,KZ,1627433771,lisakovsk
413,83.19,31.7167,-116.5667,68,7.92,23,MX,1627433297,maneadero
414,81.05,7.7102,81.6924,69,3.42,100,LK,1627433771,batticaloa
415,57.47,40.8021,-124.1637,87,5.53,100,US,1627433254,eureka
416,68.94,42.3414,78.0056,56,1.5,47,KG,1627433481,kyzyl-suu
417,91.42,24.4667,54.3667,62,1.14,0,AE,1627433571,abu dhabi
418,61.05,62.2667,24.7,63,3.78,66,FI,1627433772,keuruu
419,81.93,6.6221,73.07,77,15.23,62,MV,1627433547,kulhudhuffushi
420,63.16,39.8386,69.5306,42,2.84,0,KG,1627433772,isfana
421,65.05,43.3665,-124.2179,76,19.57,1,US,1627433404,coos bay
422,84.0,35.1333,140.3,78,18.32,100,JP,1627433408,katsuura
423,84.25,16.45,-85.85,78,22.57,95,HN,1627433772,savannah bight
424,46.47,71.0357,27.8492,88,3.53,94,NO,1627433306,mehamn
425,37.26,-45.8667,-67.5,75,3.44,0,AR,1627433431,comodoro rivadavia
426,80.94,32.5251,-93.7502,88,0.0,40,US,1627433773,shreveport
427,52.11,-44.7,169.15,89,1.99,70,NZ,1627433574,wanaka
428,77.27,35.9911,-106.0806,49,8.37,96,US,1627433773,espanola
429,77.0,13.4878,106.9816,95,5.01,100,KH,1627433774,lumphat
430,75.42,1.55,110.3333,94,1.14,20,MY,1627433774,kuching
431,52.93,-46.2817,169.8464,55,2.37,100,NZ,1627433397,kaitangata
432,48.15,-13.3128,35.2406,82,7.43,3,MZ,1627433774,lichinga
433,61.65,40.1629,-8.3327,98,1.5,21,PT,1627433295,lata
434,82.29,32.296,-81.2354,86,6.91,75,US,1627433410,rincon
435,63.0,35.6003,103.2064,61,0.96,5,CN,1627433761,linxia
436,77.94,40.7765,-73.4673,63,3.0,5,US,1627433759,plainview
437,68.14,-23.5333,148.1667,64,10.36,0,AU,1627433445,emerald
438,79.0,31.3525,27.2453,73,6.91,0,EG,1627433394,marsa matruh
439,83.26,9.285,105.7244,75,14.99,20,VN,1627433685,bac lieu
440,84.02,50.3672,137.4996,68,3.11,16,RU,1627433775,selikhino
441,74.19,35.0806,109.0897,63,3.06,100,CN,1627433775,tongchuan
442,78.84,30.634,117.8517,93,7.14,100,CN,1627433776,rongcheng
443,82.33,25.05,61.7417,88,9.64,100,PK,1627433776,jiwani
444,71.55,-20.3297,-40.2925,88,8.05,0,BR,1627433413,vila velha
445,85.39,-3.6667,152.4333,65,4.97,11,PG,1627433410,namatanai
446,82.6,21.4267,39.8261,68,4.21,100,SA,1627433586,mecca
447,78.04,14.6333,99.1,86,4.43,99,TH,1627433777,kanchanaburi
448,65.44,51.5664,32.9586,67,7.43,98,UA,1627433420,korop
449,75.49,30.2455,-85.6483,94,3.44,1,US,1627433501,lynn haven
450,82.56,5.3473,115.7455,78,2.21,80,MY,1627433777,beaufort
451,73.78,43.6475,111.9767,47,13.02,100,CN,1627433518,erenhot
452,70.9,11.2361,4.9073,97,3.78,100,NG,1627433777,duku
453,60.55,-9.5402,16.341,26,2.28,19,AO,1627433778,malanje
454,66.33,-35.1,173.7833,68,7.31,96,NZ,1627433762,kaeo
455,82.49,12.485,-16.5469,79,7.14,100,SN,1627433464,oussouye
456,83.07,42.0411,-87.6901,60,1.99,0,US,1627433778,evanston
457,68.92,-2.5167,32.9,47,9.71,52,TZ,1627433778,mwanza
458,85.1,36.3703,30.2869,44,8.93,0,TR,1627433617,kumluca
459,70.47,10.2849,22.7882,95,7.07,100,CF,1627433779,birao
460,60.13,46.6166,10.7002,94,3.38,81,IT,1627433215,lasa
461,63.23,43.213,-8.691,91,4.59,61,ES,1627433779,carballo
462,87.26,34.4506,40.9171,30,19.57,0,SY,1627433780,abu kamal
463,68.31,31.4451,12.9801,79,10.04,0,LY,1627433668,mizdah
464,81.09,30.5188,-87.2728,87,1.01,75,US,1627433780,ensley
465,70.21,-28.8667,153.5667,56,6.91,32,AU,1627433605,ballina
466,82.27,32.2989,69.5725,64,3.15,11,PK,1627433780,wana
467,80.69,21.2833,-88.2667,73,7.05,57,MX,1627433781,panaba
468,78.82,44.3525,143.3525,83,4.61,20,JP,1627433781,mombetsu
469,60.4,60.5544,-151.2583,82,13.35,99,US,1627433781,kenai
470,82.26,18.217,-63.0578,75,19.22,4,AI,1627433650,the valley
471,74.03,1.2391,23.616,69,2.91,100,CD,1627433781,basoko
472,84.24,38.4167,77.2406,25,9.35,88,CN,1627433782,shache
473,74.12,14.1167,78.1667,72,13.33,100,IN,1627433782,kadiri
474,69.31,4.9934,19.9619,95,2.73,100,CF,1627433782,kouango
475,79.09,49.7833,-92.7503,36,6.91,1,CA,1627433437,dryden
476,72.64,-20.7377,116.8463,55,6.53,7,AU,1627433414,karratha
477,65.95,50.0981,43.2976,61,4.97,5,RU,1627433783,sebrovo
478,82.02,25.1216,62.3254,88,8.99,82,PK,1627433672,gwadar
479,69.44,8.4596,25.678,97,4.0,99,SS,1627433783,raga
480,72.95,-23.7,133.8833,27,10.36,0,AU,1627433643,alice springs
481,75.85,-7.9139,39.6668,72,17.9,0,TZ,1627433683,kilindoni
482,68.43,51.6828,102.1408,76,2.04,30,RU,1627433784,kyren
483,50.07,64.5011,-165.4064,93,13.8,90,US,1627433784,nome
484,60.48,58.5667,5.7,89,13.47,96,NO,1627433784,vigrestad
485,69.3,-34.5833,150.8552,41,9.06,24,AU,1627433670,flinders
486,61.66,66.4043,14.5233,66,4.05,32,NO,1627433785,storforshei
487,46.22,-17.9333,19.7667,47,6.44,1,NA,1627433785,rundu
488,84.18,18.4726,120.5763,86,22.55,100,PH,1627433785,davila
489,81.45,44.3,86.0333,30,7.31,1,CN,1627433764,shihezi
490,62.65,-13.7,-76.2167,82,19.57,0,PE,1627433424,pisco
491,70.9,53.5739,142.9478,85,3.13,100,RU,1627433766,okha
492,60.69,-7.0,23.45,37,4.54,37,CD,1627433786,mwene-ditu
493,76.78,4.423,-7.3528,74,7.65,100,CI,1627433786,tabou
494,72.81,34.7909,48.5707,26,5.14,0,IR,1627433786,azad shahr
495,65.23,68.2191,-135.0107,67,5.75,100,CA,1627433180,aklavik
496,59.56,-16.8392,36.9856,96,3.22,98,MZ,1627433347,mocuba
497,93.87,38.421,-121.4238,28,1.01,1,US,1627433206,laguna
498,70.83,9.45,-5.6333,91,4.14,100,CI,1627433787,korhogo
499,82.18,27.0377,14.4283,24,11.3,0,LY,1627433638,sabha
500,76.87,7.5264,-12.505,84,10.63,100,SL,1627433435,bonthe
501,82.85,31.4167,130.3167,67,0.83,0,JP,1627433787,kaseda
502,48.65,-11.9472,-75.2829,73,4.79,79,PE,1627433788,san jeronimo
503,60.69,57.0531,-135.33,77,0.0,75,US,1627433275,sitka
504,62.58,59.3833,143.3,81,11.92,94,RU,1627433488,okhotsk
505,73.13,37.8063,-0.8374,82,1.01,75,ES,1627433788,san javier
506,74.59,-7.738,-72.6509,83,2.1,100,BR,1627433788,rodrigues alves
507,68.56,-23.7781,-45.3581,91,13.89,58,BR,1627433427,ilhabela
508,67.42,21.0167,-102.1667,56,8.21,42,MX,1627433789,san julian
509,61.38,61.95,159.2333,47,12.93,89,RU,1627433789,evensk
510,45.23,60.1432,-45.2371,81,6.33,100,GL,1627433452,nanortalik
511,71.17,11.0167,29.7167,95,5.03,83,SD,1627433789,kaduqli
512,85.14,30.4091,-89.0436,79,7.0,36,US,1627433790,harrison
513,62.96,-16.3667,-58.4,63,11.39,26,BO,1627433790,san matias
514,67.08,-20.2078,57.7625,91,13.96,100,MU,1627433199,quatre cocos
515,69.51,0.0939,33.9756,68,4.59,100,KE,1627433790,port victoria
516,48.69,-31.6333,-60.7,39,5.99,85,AR,1627433514,santa fe
517,53.28,55.1542,72.6925,62,7.43,95,RU,1627433791,lyubinskiy
518,58.37,-9.3451,28.734,56,6.89,17,ZM,1627433791,nchelenge
519,85.26,45.5113,-92.9802,77,7.47,100,US,1627433791,north branch
520,70.05,22.9333,97.75,96,0.4,95,MM,1627433792,lashio
521,66.63,37.0965,-4.3887,59,4.52,0,ES,1627433792,archidona
522,78.66,-8.19,114.9675,61,3.76,7,ID,1627433792,banjar
523,76.24,19.3667,-81.4167,94,4.61,75,KY,1627433792,west bay
524,72.05,-0.4536,39.6401,72,18.97,86,KE,1627433793,garissa
525,64.38,60.8156,-115.7999,55,4.61,75,CA,1627433793,hay river
526,49.23,65.4167,-52.9,79,15.03,22,GL,1627433503,maniitsoq
527,64.49,52.4,12.1667,81,2.73,93,DE,1627433793,genthin
528,39.65,-39.8142,-73.2459,95,3.22,5,CL,1627433794,valdivia
529,60.89,55.849,32.2697,94,4.79,100,RU,1627433794,zharkovskiy
530,75.96,41.2092,36.9739,83,14.7,94,TR,1627433714,terme
531,47.1,56.1874,52.4792,84,6.02,0,RU,1627433794,alnashi
532,60.76,-34.2,142.15,63,13.8,0,AU,1627433795,mildura
533,75.65,9.3328,-69.1208,92,1.88,100,VE,1627433795,villa bruzual
534,51.42,65.6118,72.6842,77,11.59,100,RU,1627433795,staryy nadym
535,59.86,-16.6228,-72.7111,89,8.46,72,PE,1627433796,camana
536,61.45,55.1431,37.4711,85,3.24,60,RU,1627433796,chekhov
